sn,name,price
1,Banana,43.00
2,Banana,45.00
3,Banana,45.00
4,Banana,45.00
5,Banana,45.00
6,Banana,45.00
7,Banana,43.00
8,Banana,45.00
9,Banana,45.00
10,Banana,45.00
11,Banana,45.00
12,Banana,45.00
13,Banana,45.00
14,Banana,48.00
15,Banana,45.00
16,Banana,45.00
17,Banana,45.00
18,Banana,45.00
19,Banana,45.00
20,Banana,45.00
21,Banana,53.00
22,Banana,45.00
23,Banana,45.00
24,Banana,45.00
25,Banana,45.00
26,Banana,45.00
27,Banana,45.00
28,Banana,45.00
29,Banana,45.00
30,Banana,75.00
31,Banana,45.00
32,Banana,45.00
33,Banana,45.00
34,Banana,45.00
35,Banana,45.00
36,Banana,45.00
37,Banana,45.00
38,Banana,45.00
39,Banana,45.00
40,Banana,45.00
41,Banana,45.00
42,Banana,45.00
43,Banana,55.00
44,Banana,45.00
45,Banana,45.00
46,Banana,53.00
47,Banana,48.00
48,Banana,48.00
49,Banana,48.00
50,Banana,58.00
51,Banana,48.00
52,Banana,48.00
53,Banana,48.00
54,Banana,48.00
55,Banana,48.00
56,Banana,48.00
57,Banana,48.00
58,Banana,48.00
59,Banana,48.00
60,Banana,48.00
61,Banana,48.00
62,Banana,55.00
63,Banana,48.00
64,Banana,65.00
65,Banana,65.00
66,Banana,65.00
67,Banana,65.00
68,Banana,58.00
69,Banana,55.00
70,Banana,55.00
71,Banana,65.00
72,Banana,63.00
73,Banana,55.00
74,Banana,58.00
75,Banana,65.00
76,Banana,65.00
77,Banana,65.00
78,Banana,65.00
79,Banana,65.00
80,Banana,65.00
81,Banana,65.00
82,Banana,87.00
83,Banana,85.00
84,Banana,75.00
85,Banana,75.00
86,Banana,75.00
87,Banana,85.00
88,Banana,85.00
89,Banana,95.00
90,Banana,95.00
91,Banana,95.00
92,Banana,95.00
93,Banana,97.00
94,Banana,93.00
95,Banana,95.00
96,Banana,85.00
97,Banana,93.00
98,Banana,85.00
99,Banana,87.00
100,Banana,85.00
101,Banana,87.00
102,Banana,85.00
103,Banana,95.00
104,Banana,85.00
105,Banana,115.00
106,Banana,115.00
107,Banana,125.00
108,Banana,125.00
109,Banana,115.00
110,Banana,115.00
111,Banana,107.00
112,Banana,95.00
113,Banana,95.00
114,Banana,95.00
115,Banana,95.00
116,Banana,85.00
117,Banana,83.00
118,Banana,85.00
119,Banana,80.00
120,Banana,90.00
121,Banana,85.00
122,Banana,90.00
123,Banana,85.00
124,Banana,85.00
125,Banana,85.00
126,Banana,85.00
127,Banana,85.00
128,Banana,85.00
129,Banana,75.00
130,Banana,75.00
131,Banana,75.00
132,Banana,75.00
133,Banana,85.00
134,Banana,85.00
135,Banana,85.00
136,Banana,85.00
137,Banana,85.00
138,Banana,85.00
139,Banana,85.00
140,Banana,85.00
141,Banana,85.00
142,Banana,85.00
143,Banana,85.00
144,Banana,85.00
145,Banana,85.00
146,Banana,85.00
147,Banana,85.00
148,Banana,85.00
149,Banana,85.00
150,Banana,85.00
151,Banana,85.00
152,Banana,85.00
153,Banana,85.00
154,Banana,85.00
155,Banana,85.00
156,Banana,85.00
157,Banana,85.00
158,Banana,83.00
159,Banana,85.00
160,Banana,85.00
161,Banana,85.00
162,Banana,85.00
163,Banana,85.00
164,Banana,77.00
165,Banana,77.00
166,Banana,95.00
167,Banana,85.00
168,Banana,85.00
169,Banana,85.00
170,Banana,65.00
171,Banana,65.00
172,Banana,75.00
173,Banana,75.00
174,Banana,65.00
175,Banana,65.00
176,Banana,75.00
177,Banana,65.00
178,Banana,65.00
179,Banana,65.00
180,Banana,65.00
181,Banana,65.00
182,Banana,65.00
183,Banana,65.00
184,Banana,65.00
185,Banana,65.00
186,Banana,65.00
187,Banana,65.00
188,Banana,65.00
189,Banana,65.00
190,Banana,65.00
191,Banana,65.00
192,Banana,65.00
193,Banana,65.00
194,Banana,65.00
195,Banana,55.00
196,Banana,55.00
197,Banana,48.00
198,Banana,55.00
199,Banana,55.00
200,Banana,53.00
201,Banana,55.00
202,Banana,55.00
203,Banana,55.00
204,Banana,45.00
205,Banana,48.00
206,Banana,48.00
207,Banana,43.00
208,Banana,50.00
209,Banana,53.00
210,Banana,58.00
211,Banana,55.00
212,Banana,58.00
213,Banana,58.00
214,Banana,43.00
215,Banana,45.00
216,Banana,43.00
217,Banana,45.00
218,Banana,45.00
219,Banana,53.00
220,Banana,53.00
221,Banana,55.00
222,Banana,47.00
223,Banana,45.00
224,Banana,53.00
225,Banana,53.00
226,Banana,53.00
227,Banana,55.00
228,Banana,53.00
229,Banana,53.00
230,Banana,53.00
231,Banana,52.00
232,Banana,58.00
233,Banana,53.00
234,Banana,53.00
235,Banana,53.00
236,Banana,53.00
237,Banana,53.00
238,Banana,53.00
239,Banana,53.00
240,Banana,58.00
241,Banana,60.00
242,Banana,58.00
243,Banana,55.00
244,Banana,57.00
245,Banana,63.00
246,Banana,63.00
247,Banana,65.00
248,Banana,63.00
249,Banana,63.00
250,Banana,63.00
251,Banana,63.00
252,Banana,58.00
253,Banana,58.00
254,Banana,58.00
255,Banana,58.00
256,Banana,58.00
257,Banana,60.00
258,Banana,60.00
259,Banana,53.00
260,Banana,58.00
261,Banana,58.00
262,Banana,53.00
263,Banana,53.00
264,Banana,53.00
265,Banana,53.00
266,Banana,63.00
267,Banana,58.00
268,Banana,58.00
269,Banana,53.00
270,Banana,55.00
271,Banana,53.00
272,Banana,63.00
273,Banana,55.00
274,Banana,53.00
275,Banana,53.00
276,Banana,53.00
277,Banana,53.00
278,Banana,58.00
279,Banana,53.00
280,Banana,53.00
281,Banana,53.00
282,Banana,53.00
283,Banana,53.00
284,Banana,58.00
285,Banana,58.00
286,Banana,53.00
287,Banana,53.00
288,Banana,65.00
289,Banana,65.00
290,Banana,58.00
291,Banana,58.00
292,Banana,58.00
293,Banana,58.00
294,Banana,63.00
295,Banana,63.00
296,Banana,58.00
297,Banana,58.00
298,Banana,58.00
299,Banana,58.00
300,Banana,58.00
301,Banana,58.00
302,Banana,58.00
303,Banana,58.00
304,Banana,53.00
305,Banana,58.00
306,Banana,58.00
307,Banana,53.00
308,Banana,58.00
309,Banana,58.00
310,Banana,58.00
311,Banana,58.00
312,Banana,58.00
313,Banana,58.00
314,Banana,48.00
315,Banana,49.00
316,Banana,51.00
317,Banana,51.00
318,Banana,51.00
319,Banana,51.00
320,Banana,53.00
321,Banana,53.00
322,Banana,53.00
323,Banana,58.00
324,Banana,55.00
325,Banana,49.00
326,Banana,49.00
327,Banana,49.00
328,Banana,67.00
329,Banana,65.00
330,Banana,65.00
331,Banana,65.00
332,Banana,67.00
333,Banana,65.00
334,Banana,67.00
335,Banana,55.00
336,Banana,55.00
337,Banana,65.00
338,Banana,55.00
339,Banana,51.00
340,Banana,55.00
341,Banana,53.00
342,Banana,53.00
343,Banana,53.00
344,Banana,53.00
345,Banana,53.00
346,Banana,53.00
347,Banana,53.00
348,Banana,53.00
349,Banana,53.00
350,Banana,53.00
351,Banana,53.00
352,Banana,53.00
353,Banana,53.00
354,Banana,55.00
355,Banana,53.00
356,Banana,57.00
357,Banana,58.00
358,Banana,58.00
359,Banana,73.00
360,Banana,68.00
361,Banana,75.00
362,Banana,73.00
363,Banana,73.00
364,Banana,73.00
365,Banana,77.00
366,Banana,77.00
367,Banana,77.00
368,Banana,75.00
369,Banana,77.00
370,Banana,77.00
371,Banana,77.00
372,Banana,75.00
373,Banana,65.00
374,Banana,65.00
375,Banana,65.00
376,Banana,67.00
377,Banana,65.00
378,Banana,65.00
379,Banana,67.00
380,Banana,67.00
381,Banana,67.00
382,Banana,65.00
383,Banana,65.00
384,Banana,65.00
385,Banana,58.00
386,Banana,58.00
387,Banana,73.00
388,Banana,65.00
389,Banana,63.00
390,Banana,63.00
391,Banana,63.00
392,Banana,63.00
393,Banana,63.00
394,Banana,63.00
395,Banana,77.00
396,Banana,73.00
397,Banana,77.00
398,Banana,63.00
399,Banana,63.00
400,Banana,63.00
401,Banana,63.00
402,Banana,67.00
403,Banana,65.00
404,Banana,75.00
405,Banana,75.00
406,Banana,87.00
407,Banana,73.00
408,Banana,75.00
409,Banana,75.00
410,Banana,75.00
411,Banana,75.00
412,Banana,75.00
413,Banana,75.00
414,Banana,105.00
415,Banana,95.00
416,Banana,75.00
417,Banana,75.00
418,Banana,75.00
419,Banana,97.00
420,Banana,95.00
421,Banana,125.00
422,Banana,107.00
423,Banana,105.00
424,Banana,107.00
425,Banana,97.00
426,Banana,87.00
427,Banana,78.00
428,Banana,85.00
429,Banana,86.00
430,Banana,84.00
431,Banana,85.00
432,Banana,95.00
433,Banana,95.00
434,Banana,107.00
435,Banana,105.00
436,Banana,105.00
437,Banana,95.00
438,Banana,95.00
439,Banana,85.00
440,Banana,85.00
441,Banana,85.00
442,Banana,85.00
443,Banana,85.00
444,Banana,85.00
445,Banana,85.00
446,Banana,85.00
447,Banana,85.00
448,Banana,85.00
449,Banana,87.00
450,Banana,85.00
451,Banana,78.00
452,Banana,78.00
453,Banana,65.00
454,Banana,75.00
455,Banana,75.00
456,Banana,83.00
457,Banana,85.00
458,Banana,85.00
459,Banana,85.00
460,Banana,83.00
461,Banana,95.00
462,Banana,90.00
463,Banana,75.00
464,Banana,75.00
465,Banana,75.00
466,Banana,75.00
467,Banana,85.00
468,Banana,85.00
469,Banana,85.00
470,Banana,75.00
471,Banana,75.00
472,Banana,80.00
473,Banana,75.00
474,Banana,75.00
475,Banana,75.00
476,Banana,75.00
477,Banana,75.00
478,Banana,75.00
479,Banana,75.00
480,Banana,75.00
481,Banana,75.00
482,Banana,75.00
483,Banana,75.00
484,Banana,75.00
485,Banana,75.00
486,Banana,75.00
487,Banana,75.00
488,Banana,75.00
489,Banana,75.00
490,Banana,75.00
491,Banana,75.00
492,Banana,75.00
493,Banana,75.00
494,Banana,75.00
495,Banana,75.00
496,Banana,75.00
497,Banana,85.00
498,Banana,75.00
499,Banana,75.00
500,Banana,75.00
501,Banana,75.00
502,Banana,75.00
503,Banana,75.00
504,Banana,75.00
505,Banana,75.00
506,Banana,75.00
507,Banana,75.00
508,Banana,75.00
509,Banana,75.00
510,Banana,75.00
511,Banana,65.00
512,Banana,65.00
513,Banana,65.00
514,Banana,75.00
515,Banana,75.00
516,Banana,75.00
517,Banana,75.00
518,Banana,65.00
519,Banana,65.00
520,Banana,65.00
521,Banana,65.00
522,Banana,75.00
523,Banana,75.00
524,Banana,75.00
525,Banana,65.00
526,Banana,65.00
527,Banana,65.00
528,Banana,65.00
529,Banana,65.00
530,Banana,65.00
531,Banana,63.00
532,Banana,63.00
533,Banana,65.00
534,Banana,65.00
535,Banana,62.00
536,Banana,63.00
537,Banana,68.00
538,Banana,63.00
539,Banana,65.00
540,Banana,63.00
541,Banana,65.00
542,Banana,63.00
543,Banana,65.00
544,Banana,65.00
545,Banana,65.00
546,Banana,65.00
547,Banana,65.00
548,Banana,65.00
549,Banana,65.00
550,Banana,65.00
551,Banana,65.00
552,Banana,75.00
553,Banana,65.00
554,Banana,73.00
555,Banana,63.00
556,Banana,65.00
557,Banana,65.00
558,Banana,63.00
559,Banana,55.00
560,Banana,55.00
561,Banana,65.00
562,Banana,63.00
563,Banana,63.00
564,Banana,65.00
565,Banana,65.00
566,Banana,63.00
567,Banana,63.00
568,Banana,63.00
569,Banana,65.00
570,Banana,65.00
571,Banana,65.00
572,Banana,63.00
573,Banana,65.00
574,Banana,65.00
575,Banana,75.00
576,Banana,65.00
577,Banana,65.00
578,Banana,65.00
579,Banana,65.00
580,Banana,65.00
581,Banana,65.00
582,Banana,65.00
583,Banana,65.00
584,Banana,55.00
585,Banana,58.00
586,Banana,63.00
587,Banana,55.00
588,Banana,65.00
589,Banana,65.00
590,Banana,65.00
591,Banana,65.00
592,Banana,65.00
593,Banana,75.00
594,Banana,75.00
595,Banana,65.00
596,Banana,65.00
597,Banana,65.00
598,Banana,65.00
599,Banana,65.00
600,Banana,65.00
601,Banana,65.00
602,Banana,65.00
603,Banana,65.00
604,Banana,65.00
605,Banana,75.00
606,Banana,65.00
607,Banana,95.00
608,Banana,95.00
609,Banana,105.00
610,Banana,125.00
611,Banana,115.00
612,Banana,115.00
613,Banana,95.00
614,Banana,65.00
615,Banana,73.00
616,Banana,75.00
617,Banana,75.00
618,Banana,75.00
619,Banana,75.00
620,Banana,75.00
621,Banana,75.00
622,Banana,75.00
623,Banana,75.00
624,Banana,75.00
625,Banana,95.00
626,Banana,85.00
627,Banana,85.00
628,Banana,75.00
629,Banana,75.00
630,Banana,75.00
631,Banana,85.00
632,Banana,75.00
633,Banana,85.00
634,Banana,85.00
635,Banana,75.00
636,Banana,75.00
637,Banana,75.00
638,Banana,75.00
639,Banana,75.00
640,Banana,75.00
641,Banana,80.00
642,Banana,75.00
643,Banana,75.00
644,Banana,75.00
645,Banana,75.00
646,Banana,75.00
647,Banana,75.00
648,Banana,75.00
649,Banana,75.00
650,Banana,75.00
651,Banana,75.00
652,Banana,75.00
653,Banana,75.00
654,Banana,75.00
655,Banana,75.00
656,Banana,75.00
657,Banana,75.00
658,Banana,75.00
659,Banana,75.00
660,Banana,75.00
661,Banana,75.00
662,Banana,75.00
663,Banana,75.00
664,Banana,75.00
665,Banana,75.00
666,Banana,75.00
667,Banana,65.00
668,Banana,65.00
669,Banana,65.00
670,Banana,65.00
671,Banana,75.00
672,Banana,75.00
673,Banana,75.00
674,Banana,65.00
675,Banana,65.00
676,Banana,63.00
677,Banana,65.00
678,Banana,65.00
679,Banana,65.00
680,Banana,75.00
681,Banana,75.00
682,Banana,75.00
683,Banana,75.00
684,Banana,75.00
685,Banana,75.00
686,Banana,75.00
687,Banana,75.00
688,Banana,75.00
689,Banana,75.00
690,Banana,78.00
691,Banana,73.00
692,Banana,75.00
693,Banana,75.00
694,Banana,65.00
695,Banana,65.00
696,Banana,65.00
697,Banana,65.00
698,Banana,65.00
699,Banana,65.00
700,Banana,95.00
701,Banana,65.00
702,Banana,65.00
703,Banana,65.00
704,Banana,65.00
705,Banana,65.00
706,Banana,65.00
707,Banana,65.00
708,Banana,65.00
709,Banana,65.00
710,Banana,65.00
711,Banana,65.00
712,Banana,65.00
713,Banana,65.00
714,Banana,65.00
715,Banana,68.00
716,Banana,65.00
717,Banana,75.00
718,Banana,73.00
719,Banana,65.00
720,Banana,75.00
721,Banana,75.00
722,Banana,75.00
723,Banana,75.00
724,Banana,75.00
725,Banana,75.00
726,Banana,75.00
727,Banana,75.00
728,Banana,75.00
729,Banana,75.00
730,Banana,75.00
731,Banana,73.00
732,Banana,73.00
733,Banana,75.00
734,Banana,75.00
735,Banana,85.00
736,Banana,75.00
737,Banana,75.00
738,Banana,75.00
739,Banana,75.00
740,Banana,75.00
741,Banana,75.00
742,Banana,75.00
743,Banana,75.00
744,Banana,75.00
745,Banana,75.00
746,Banana,75.00
747,Banana,75.00
748,Banana,75.00
749,Banana,85.00
750,Banana,85.00
751,Banana,85.00
752,Banana,85.00
753,Banana,95.00
754,Banana,85.00
755,Banana,95.00
756,Banana,95.00
757,Banana,85.00
758,Banana,75.00
759,Banana,85.00
760,Banana,95.00
761,Banana,95.00
762,Banana,95.00
763,Banana,95.00
764,Banana,105.00
765,Banana,95.00
766,Banana,105.00
767,Banana,105.00
768,Banana,105.00
769,Banana,95.00
770,Banana,95.00
771,Banana,105.00
772,Banana,105.00
773,Banana,95.00
774,Banana,95.00
775,Banana,95.00
776,Banana,95.00
777,Banana,95.00
778,Banana,95.00
779,Banana,95.00
780,Banana,125.00
781,Banana,95.00
782,Banana,95.00
783,Banana,95.00
784,Banana,95.00
785,Banana,95.00
786,Banana,95.00
787,Banana,95.00
788,Banana,95.00
789,Banana,95.00
790,Banana,95.00
791,Banana,95.00
792,Banana,95.00
793,Banana,95.00
794,Banana,95.00
795,Banana,95.00
796,Banana,95.00
797,Banana,95.00
798,Banana,95.00
799,Banana,95.00
800,Banana,95.00
801,Banana,95.00
802,Banana,95.00
803,Banana,95.00
804,Banana,95.00
805,Banana,95.00
806,Banana,95.00
807,Banana,95.00
808,Banana,95.00
809,Banana,95.00
810,Banana,105.00
811,Banana,95.00
812,Banana,105.00
813,Banana,95.00
814,Banana,95.00
815,Banana,95.00
816,Banana,85.00
817,Banana,85.00
818,Banana,75.00
819,Banana,75.00
820,Banana,75.00
821,Banana,75.00
822,Banana,75.00
823,Banana,75.00
824,Banana,75.00
825,Banana,75.00
826,Banana,75.00
827,Banana,75.00
828,Banana,75.00
829,Banana,75.00
830,Banana,75.00
831,Banana,85.00
832,Banana,75.00
833,Banana,80.00
834,Banana,75.00
835,Banana,75.00
836,Banana,95.00
837,Banana,95.00
838,Banana,95.00
839,Banana,95.00
840,Banana,85.00
841,Banana,85.00
842,Banana,85.00
843,Banana,85.00
844,Banana,85.00
845,Banana,85.00
846,Banana,425.00
847,Banana,85.00
848,Banana,425.00
849,Banana,85.00
850,Banana,85.00
851,Banana,85.00
852,Banana,85.00
853,Banana,85.00
854,Banana,85.00
855,Banana,95.00
856,Banana,95.00
857,Banana,95.00
858,Banana,85.00
859,Banana,85.00
860,Banana,85.00
861,Banana,85.00
862,Banana,85.00
863,Banana,85.00
864,Banana,85.00
865,Banana,85.00
866,Banana,85.00
867,Banana,85.00
868,Banana,85.00
869,Banana,75.00
870,Banana,75.00
871,Banana,75.00
872,Banana,75.00
873,Banana,75.00
874,Banana,73.00
875,Banana,75.00
876,Banana,75.00
877,Banana,75.00
878,Banana,75.00
879,Banana,75.00
880,Banana,85.00
881,Banana,85.00
882,Banana,85.00
883,Banana,85.00
884,Banana,85.00
885,Banana,85.00
886,Banana,85.00
887,Banana,85.00
888,Banana,75.00
889,Banana,75.00
890,Banana,75.00
891,Banana,75.00
892,Banana,75.00
893,Banana,65.00
894,Banana,65.00
895,Banana,75.00
896,Banana,77.00
897,Banana,75.00
898,Banana,75.00
899,Banana,75.00
900,Banana,75.00
901,Banana,75.00
902,Banana,75.00
903,Banana,75.00
904,Banana,75.00
905,Banana,75.00
906,Banana,75.00
907,Banana,75.00
908,Banana,75.00
909,Banana,125.00
910,Banana,85.00
911,Banana,75.00
912,Banana,75.00
913,Banana,75.00
914,Banana,75.00
915,Banana,75.00
916,Banana,65.00
917,Banana,75.00
918,Banana,75.00
919,Banana,75.00
920,Banana,75.00
921,Banana,75.00
922,Banana,75.00
923,Banana,75.00
924,Banana,75.00
925,Banana,65.00
926,Banana,65.00
927,Banana,75.00
928,Banana,65.00
929,Banana,65.00
930,Banana,65.00
931,Banana,65.00
932,Banana,65.00
933,Banana,65.00
934,Banana,65.00
935,Banana,65.00
936,Banana,65.00
937,Banana,65.00
938,Banana,65.00
939,Banana,65.00
940,Banana,85.00
941,Banana,75.00
942,Banana,65.00
943,Banana,65.00
944,Banana,65.00
945,Banana,75.00
946,Banana,65.00
947,Banana,65.00
948,Banana,65.00
949,Banana,65.00
950,Banana,65.00
951,Banana,65.00
952,Banana,65.00
953,Banana,65.00
954,Banana,65.00
955,Banana,65.00
956,Banana,65.00
957,Banana,65.00
958,Banana,75.00
959,Banana,75.00
960,Banana,75.00
961,Banana,75.00
962,Banana,75.00
963,Banana,95.00
964,Banana,95.00
965,Banana,85.00
966,Banana,65.00
967,Banana,65.00
968,Banana,65.00
969,Banana,65.00
970,Banana,65.00
971,Banana,65.00
972,Banana,75.00
973,Banana,75.00
974,Banana,75.00
975,Banana,75.00
976,Banana,75.00
977,Banana,75.00
978,Banana,75.00
979,Banana,75.00
980,Banana,75.00
981,Banana,75.00
982,Banana,75.00
983,Banana,75.00
984,Banana,75.00
985,Banana,75.00
986,Banana,75.00
987,Banana,75.00
988,Banana,75.00
989,Banana,75.00
990,Banana,75.00
991,Banana,75.00
992,Banana,75.00
993,Banana,75.00
994,Banana,75.00
995,Banana,75.00
996,Banana,75.00
997,Banana,75.00
998,Banana,75.00
999,Banana,75.00
1000,Banana,75.00
1001,Banana,75.00
1002,Banana,75.00
1003,Banana,75.00
1004,Banana,75.00
1005,Banana,75.00
1006,Banana,75.00
1007,Banana,75.00
1008,Banana,75.00
1009,Banana,75.00
1010,Banana,75.00
1011,Banana,75.00
1012,Banana,75.00
1013,Banana,75.00
1014,Banana,75.00
1015,Banana,75.00
1016,Banana,75.00
1017,Banana,75.00
1018,Banana,75.00
1019,Banana,75.00
1020,Banana,75.00
1021,Banana,75.00
1022,Banana,75.00
1023,Banana,75.00
1024,Banana,75.00
1025,Banana,75.00
1026,Banana,75.00
1027,Banana,75.00
1028,Banana,75.00
1029,Banana,75.00
1030,Banana,75.00
1031,Banana,75.00
1032,Banana,75.00
1033,Banana,75.00
1034,Banana,75.00
1035,Banana,75.00
1036,Banana,75.00
1037,Banana,75.00
1038,Banana,75.00
1039,Banana,75.00
1040,Banana,75.00
1041,Banana,75.00
1042,Banana,85.00
1043,Banana,75.00
1044,Banana,75.00
1045,Banana,75.00
1046,Banana,75.00
1047,Banana,75.00
1048,Banana,75.00
1049,Banana,75.00
1050,Banana,75.00
1051,Banana,75.00
1052,Banana,75.00
1053,Banana,75.00
1054,Banana,75.00
1055,Banana,75.00
1056,Banana,75.00
1057,Banana,75.00
1058,Banana,75.00
1059,Banana,75.00
1060,Banana,75.00
1061,Banana,75.00
1062,Banana,75.00
1063,Banana,75.00
1064,Banana,75.00
1065,Banana,75.00
1066,Banana,75.00
1067,Banana,75.00
1068,Banana,75.00
1069,Banana,75.00
1070,Banana,75.00
1071,Banana,75.00
1072,Banana,75.00
1073,Banana,75.00
1074,Banana,75.00
1075,Banana,75.00
1076,Banana,75.00
1077,Banana,75.00
1078,Banana,75.00
1079,Banana,75.00
1080,Banana,75.00
1081,Banana,75.00
1082,Banana,75.00
1083,Banana,75.00
1084,Banana,75.00
1085,Banana,75.00
1086,Banana,75.00
1087,Banana,75.00
1088,Banana,75.00
1089,Banana,75.00
1090,Banana,75.00
1091,Banana,75.00
1092,Banana,75.00
1093,Banana,95.00
1094,Banana,95.00
1095,Banana,95.00
1096,Banana,85.00
1097,Banana,85.00
1098,Banana,85.00
1099,Banana,85.00
1100,Banana,85.00
1101,Banana,85.00
1102,Banana,85.00
1103,Banana,85.00
1104,Banana,85.00
1105,Banana,85.00
1106,Banana,85.00
1107,Banana,85.00
1108,Banana,85.00
1109,Banana,85.00
1110,Banana,85.00
1111,Banana,85.00
1112,Banana,85.00
1113,Banana,85.00
1114,Banana,85.00
1115,Banana,85.00
1116,Banana,85.00
1117,Banana,85.00
1118,Banana,85.00
1119,Banana,85.00
1120,Banana,85.00
1121,Banana,85.00
1122,Banana,85.00
1123,Banana,75.00
1124,Banana,85.00
1125,Banana,85.00
1126,Banana,85.00
1127,Banana,85.00
1128,Banana,85.00
1129,Banana,85.00
1130,Banana,85.00
1131,Banana,85.00
1132,Banana,85.00
1133,Banana,85.00
1134,Banana,85.00
1135,Banana,85.00
1136,Banana,95.00
1137,Banana,95.00
1138,Banana,95.00
1139,Banana,95.00
1140,Banana,95.00
1141,Banana,95.00
1142,Banana,95.00
1143,Banana,95.00
1144,Banana,95.00
1145,Banana,95.00
1146,Banana,95.00
1147,Banana,95.00
1148,Banana,95.00
1149,Banana,95.00
1150,Banana,95.00
1151,Banana,95.00
1152,Banana,95.00
1153,Banana,95.00
1154,Banana,95.00
1155,Banana,95.00
1156,Banana,95.00
1157,Banana,95.00
1158,Banana,75.00
1159,Banana,75.00
1160,Banana,75.00
1161,Banana,75.00
1162,Banana,75.00
1163,Banana,75.00
1164,Banana,75.00
1165,Banana,75.00
1166,Banana,75.00
1167,Banana,75.00
1168,Banana,75.00
1169,Banana,75.00
1170,Banana,75.00
1171,Banana,75.00
1172,Banana,75.00
1173,Banana,75.00
1174,Banana,75.00
1175,Banana,85.00
1176,Banana,85.00
1177,Banana,85.00
1178,Banana,85.00
1179,Banana,85.00
1180,Banana,85.00
1181,Banana,85.00
1182,Banana,85.00
1183,Banana,85.00
1184,Banana,85.00
1185,Banana,85.00
1186,Banana,85.00
1187,Banana,85.00
1188,Banana,85.00
1189,Banana,95.00
1190,Banana,95.00
1191,Banana,95.00
1192,Banana,95.00
1193,Banana,95.00
1194,Banana,95.00
1195,Banana,95.00
1196,Banana,95.00
1197,Banana,95.00
1198,Banana,95.00
1199,Banana,95.00
1200,Banana,95.00
1201,Banana,95.00
1202,Banana,85.00
1203,Banana,85.00
1204,Banana,85.00
1205,Banana,85.00
1206,Banana,85.00
1207,Banana,85.00
1208,Banana,85.00
1209,Banana,85.00
1210,Banana,85.00
1211,Banana,75.00
1212,Banana,75.00
1213,Banana,75.00
1214,Banana,75.00
1215,Banana,85.00
1216,Banana,75.00
1217,Banana,75.00
1218,Banana,75.00
1219,Banana,75.00
1220,Banana,75.00
1221,Banana,75.00
1222,Banana,75.00
1223,Banana,75.00
1224,Banana,75.00
1225,Banana,75.00
1226,Banana,85.00
1227,Banana,95.00
1228,Banana,85.00
1229,Banana,95.00
1230,Banana,95.00
1231,Banana,95.00
1232,Banana,95.00
1233,Banana,95.00
1234,Banana,95.00
1235,Banana,95.00
1236,Banana,95.00
1237,Banana,95.00
1238,Banana,95.00
1239,Banana,85.00
1240,Banana,85.00
1241,Banana,75.00
1242,Banana,75.00
1243,Banana,75.00
1244,Banana,75.00
1245,Banana,75.00
1246,Banana,75.00
1247,Banana,85.00
1248,Banana,85.00
1249,Banana,85.00
1250,Banana,85.00
1251,Banana,85.00
1252,Banana,85.00
1253,Banana,75.00
1254,Banana,75.00
1255,Banana,65.00
1256,Banana,75.00
1257,Banana,65.00
1258,Banana,65.00
1259,Banana,75.00
1260,Banana,75.00
1261,Banana,75.00
1262,Banana,75.00
1263,Banana,75.00
1264,Banana,75.00
1265,Banana,75.00
1266,Banana,75.00
1267,Banana,75.00
1268,Banana,75.00
1269,Banana,65.00
1270,Banana,65.00
1271,Banana,65.00
1272,Banana,65.00
1273,Banana,65.00
1274,Banana,65.00
1275,Banana,75.00
1276,Banana,65.00
1277,Banana,65.00
1278,Banana,65.00
1279,Banana,65.00
1280,Banana,65.00
1281,Banana,65.00
1282,Banana,55.00
1283,Banana,55.00
1284,Banana,65.00
1285,Banana,65.00
1286,Banana,55.00
1287,Banana,55.00
1288,Banana,65.00
1289,Banana,75.00
1290,Banana,75.00
1291,Banana,65.00
1292,Banana,65.00
1293,Banana,65.00
1294,Banana,65.00
1295,Banana,65.00
1296,Banana,65.00
1297,Banana,45.00
1298,Banana,55.00
1299,Banana,55.00
1300,Banana,55.00
1301,Banana,55.00
1302,Banana,55.00
1303,Banana,55.00
1304,Banana,45.00
1305,Banana,45.00
1306,Banana,45.00
1307,Banana,45.00
1308,Banana,45.00
1309,Banana,45.00
1310,Banana,55.00
1311,Banana,65.00
1312,Banana,65.00
1313,Banana,85.00
1314,Banana,65.00
1315,Banana,65.00
1316,Banana,65.00
1317,Banana,65.00
1318,Banana,65.00
1319,Banana,55.00
1320,Banana,55.00
1321,Banana,55.00
1322,Banana,53.00
1323,Banana,55.00
1324,Banana,53.00
1325,Banana,55.00
1326,Banana,55.00
1327,Banana,55.00
1328,Banana,55.00
1329,Banana,55.00
1330,Banana,53.00
1331,Banana,55.00
1332,Banana,55.00
1333,Banana,55.00
1334,Banana,55.00
1335,Banana,55.00
1336,Banana,53.00
1337,Banana,55.00
1338,Banana,53.00
1339,Banana,53.00
1340,Banana,55.00
1341,Banana,55.00
1342,Banana,53.00
1343,Banana,53.00
1344,Banana,53.00
1345,Banana,53.00
1346,Banana,53.00
1347,Banana,53.00
1348,Banana,53.00
1349,Banana,53.00
1350,Banana,53.00
1351,Banana,53.00
1352,Banana,53.00
1353,Banana,53.00
1354,Banana,53.00
1355,Banana,53.00
1356,Banana,53.00
1357,Banana,95.00
1358,Banana,53.00
1359,Banana,53.00
1360,Banana,55.00
1361,Banana,55.00
1362,Banana,53.00
1363,Banana,53.00
1364,Banana,53.00
1365,Banana,53.00
1366,Banana,53.00
1367,Banana,53.00
1368,Banana,53.00
1369,Banana,53.00
1370,Banana,53.00
1371,Banana,53.00
1372,Banana,53.00
1373,Banana,43.00
1374,Banana,43.00
1375,Banana,43.00
1376,Banana,43.00
1377,Banana,43.00
1378,Banana,43.00
1379,Banana,43.00
1380,Banana,43.00
1381,Banana,43.00
1382,Banana,43.00
1383,Banana,43.00
1384,Banana,43.00
1385,Banana,43.00
1386,Banana,43.00
1387,Banana,65.00
1388,Banana,75.00
1389,Banana,65.00
1390,Banana,65.00
1391,Banana,65.00
1392,Banana,65.00
1393,Banana,65.00
1394,Banana,65.00
1395,Banana,65.00
1396,Banana,65.00
1397,Banana,65.00
1398,Banana,65.00
1399,Banana,65.00
1400,Banana,65.00
1401,Banana,65.00
1402,Banana,65.00
1403,Banana,65.00
1404,Banana,65.00
1405,Banana,65.00
1406,Banana,65.00
1407,Banana,65.00
1408,Banana,65.00
1409,Banana,65.00
1410,Banana,65.00
1411,Banana,65.00
1412,Banana,65.00
1413,Banana,65.00
1414,Banana,65.00
1415,Banana,65.00
1416,Banana,65.00
1417,Banana,65.00
1418,Banana,65.00
1419,Banana,65.00
1420,Banana,65.00
1421,Banana,65.00
1422,Banana,65.00
1423,Banana,65.00
1424,Banana,65.00
1425,Banana,65.00
1426,Banana,75.00
1427,Banana,75.00
1428,Banana,75.00
1429,Banana,75.00
1430,Banana,75.00
1431,Banana,75.00
1432,Banana,75.00
1433,Banana,75.00
1434,Banana,78.00
1435,Banana,75.00
1436,Banana,75.00
1437,Banana,85.00
1438,Banana,75.00
1439,Banana,78.00
1440,Banana,78.00
1441,Banana,83.00
1442,Banana,83.00
1443,Banana,525.00
1444,Banana,88.00
1445,Banana,83.00
1446,Banana,83.00
1447,Banana,83.00
1448,Banana,83.00
1449,Banana,83.00
1450,Banana,95.00
1451,Banana,95.00
1452,Banana,95.00
1453,Banana,95.00
1454,Banana,95.00
1455,Banana,95.00
1456,Banana,95.00
1457,Banana,95.00
1458,Banana,95.00
1459,Banana,95.00
1460,Banana,95.00
1461,Banana,95.00
1462,Banana,95.00
1463,Banana,95.00
1464,Banana,95.00
1465,Banana,95.00
1466,Banana,95.00
1467,Banana,95.00
1468,Banana,95.00
1469,Banana,95.00
1470,Banana,95.00
1471,Banana,95.00
1472,Banana,95.00
1473,Banana,95.00
1474,Banana,95.00
1475,Banana,95.00
1476,Banana,95.00
1477,Banana,95.00
1478,Banana,95.00
1479,Banana,95.00
1480,Banana,105.00
1481,Banana,105.00
1482,Banana,105.00
1483,Banana,105.00
1484,Banana,95.00
1485,Banana,95.00
1486,Banana,95.00
1487,Banana,75.00
1488,Banana,75.00
1489,Banana,95.00
1490,Banana,95.00
1491,Banana,105.00
1492,Banana,105.00
1493,Banana,95.00
1494,Banana,95.00
1495,Banana,95.00
1496,Banana,95.00
1497,Banana,95.00
1498,Banana,95.00
1499,Banana,95.00
1500,Banana,95.00
1501,Banana,95.00
1502,Banana,95.00
1503,Banana,95.00
1504,Banana,95.00
1505,Banana,95.00
1506,Banana,95.00
1507,Banana,95.00
1508,Banana,95.00
1509,Banana,95.00
1510,Banana,95.00
1511,Banana,95.00
1512,Banana,95.00
1513,Banana,95.00
1514,Banana,95.00
1515,Banana,95.00
1516,Banana,95.00
1517,Banana,95.00
1518,Banana,95.00
1519,Banana,95.00
1520,Banana,95.00
1521,Banana,95.00
1522,Banana,105.00
1523,Banana,105.00
1524,Banana,105.00
1525,Banana,105.00
1526,Banana,105.00
1527,Banana,105.00
1528,Banana,105.00
1529,Banana,95.00
1530,Banana,95.00
1531,Banana,95.00
1532,Banana,95.00
1533,Banana,95.00
1534,Banana,95.00
1535,Banana,95.00
1536,Banana,105.00
1537,Banana,105.00
1538,Banana,105.00
1539,Banana,95.00
1540,Banana,95.00
1541,Banana,95.00
1542,Banana,95.00
1543,Banana,95.00
1544,Banana,95.00
1545,Banana,95.00
1546,Banana,95.00
1547,Banana,95.00
1548,Banana,95.00
1549,Banana,95.00
1550,Banana,95.00
1551,Banana,95.00
1552,Banana,95.00
1553,Banana,95.00
1554,Banana,95.00
1555,Banana,95.00
1556,Banana,95.00
1557,Banana,95.00
1558,Banana,95.00
1559,Banana,95.00
1560,Banana,95.00
1561,Banana,95.00
1562,Banana,95.00
1563,Banana,95.00
1564,Banana,95.00
1565,Banana,95.00
1566,Banana,95.00
1567,Banana,95.00
1568,Banana,95.00
1569,Banana,95.00
1570,Banana,95.00
1571,Banana,85.00
1572,Banana,85.00
1573,Banana,95.00
1574,Banana,95.00
1575,Banana,95.00
1576,Banana,95.00
1577,Banana,95.00
1578,Banana,95.00
1579,Banana,95.00
1580,Banana,75.00
1581,Banana,75.00
1582,Banana,75.00
1583,Banana,75.00
1584,Banana,75.00
1585,Banana,75.00
1586,Banana,75.00
1587,Banana,75.00
1588,Banana,75.00
1589,Banana,85.00
1590,Banana,75.00
1591,Banana,75.00
1592,Banana,75.00
1593,Banana,75.00
1594,Banana,75.00
1595,Banana,75.00
1596,Banana,75.00
1597,Banana,75.00
1598,Banana,75.00
1599,Banana,75.00
1600,Banana,75.00
1601,Banana,75.00
1602,Banana,75.00
1603,Banana,75.00
1604,Banana,75.00
1605,Banana,75.00
1606,Banana,75.00
1607,Banana,75.00
1608,Banana,75.00
1609,Banana,75.00
1610,Banana,75.00
1611,Banana,75.00
1612,Banana,75.00
1613,Banana,80.00
1614,Banana,75.00
1615,Banana,75.00
1616,Banana,65.00
1617,Banana,65.00
1618,Banana,65.00
1619,Banana,65.00
1620,Banana,75.00
1621,Banana,75.00
1622,Banana,75.00
1623,Banana,75.00
1624,Banana,75.00
1625,Banana,65.00
1626,Banana,65.00
1627,Banana,65.00
1628,Banana,75.00
1629,Banana,65.00
1630,Banana,65.00
1631,Banana,75.00
1632,Banana,75.00
1633,Banana,75.00
1634,Banana,75.00
1635,Banana,65.00
1636,Banana,65.00
1637,Banana,65.00
1638,Banana,65.00
1639,Banana,75.00
1640,Banana,75.00
1641,Banana,75.00
1642,Banana,75.00
1643,Banana,75.00
1644,Banana,65.00
1645,Banana,65.00
1646,Banana,65.00
1647,Banana,65.00
1648,Banana,73.00
1649,Banana,65.00
1650,Banana,65.00
1651,Banana,65.00
1652,Banana,65.00
1653,Banana,65.00
1654,Banana,65.00
1655,Banana,65.00
1656,Banana,65.00
1657,Banana,65.00
1658,Banana,65.00
1659,Banana,65.00
1660,Banana,65.00
1661,Banana,65.00
1662,Banana,65.00
1663,Banana,75.00
1664,Banana,85.00
1665,Banana,95.00
1666,Banana,95.00
1667,Banana,75.00
1668,Banana,75.00
1669,Banana,85.00
1670,Banana,85.00
1671,Banana,85.00
1672,Banana,75.00
1673,Banana,85.00
1674,Banana,85.00
1675,Banana,85.00
1676,Banana,85.00
1677,Banana,85.00
1678,Banana,85.00
1679,Banana,85.00
1680,Banana,85.00
1681,Banana,85.00
1682,Banana,85.00
1683,Banana,85.00
1684,Banana,85.00
1685,Banana,85.00
1686,Banana,85.00
1687,Banana,85.00
1688,Banana,95.00
1689,Banana,95.00
1690,Banana,95.00
1691,Banana,85.00
1692,Banana,95.00
1693,Banana,95.00
1694,Banana,95.00
1695,Banana,95.00
1696,Banana,95.00
1697,Banana,95.00
1698,Banana,95.00
1699,Banana,95.00
1700,Banana,105.00
1701,Banana,105.00
1702,Banana,105.00
1703,Banana,105.00
1704,Banana,105.00
1705,Banana,95.00
1706,Banana,85.00
1707,Banana,95.00
1708,Banana,95.00
1709,Banana,95.00
1710,Banana,95.00
1711,Banana,75.00
1712,Banana,75.00
1713,Banana,75.00
1714,Banana,85.00
1715,Banana,85.00
1716,Banana,85.00
1717,Banana,85.00
1718,Banana,85.00
1719,Banana,75.00
1720,Banana,75.00
1721,Banana,95.00
1722,Banana,95.00
1723,Banana,95.00
1724,Banana,95.00
1725,Banana,95.00
1726,Banana,95.00
1727,Banana,95.00
1728,Banana,95.00
1729,Banana,95.00
1730,Banana,95.00
1731,Banana,95.00
1732,Banana,85.00
1733,Banana,85.00
1734,Banana,85.00
1735,Banana,85.00
1736,Banana,85.00
1737,Banana,75.00
1738,Banana,75.00
1739,Banana,75.00
1740,Banana,75.00
1741,Banana,75.00
1742,Banana,75.00
1743,Banana,75.00
1744,Banana,75.00
1745,Banana,75.00
1746,Banana,75.00
1747,Banana,75.00
1748,Banana,75.00
1749,Banana,75.00
1750,Banana,75.00
1751,Banana,75.00
1752,Banana,75.00
1753,Banana,75.00
1754,Banana,75.00
1755,Banana,75.00
1756,Banana,75.00
1757,Banana,75.00
1758,Banana,75.00
1759,Banana,75.00
1760,Banana,75.00
1761,Banana,75.00
1762,Banana,75.00
1763,Banana,77.00
1764,Banana,85.00
1765,Banana,85.00
1766,Banana,85.00
1767,Banana,85.00
1768,Banana,85.00
1769,Banana,85.00
1770,Banana,85.00
1771,Banana,85.00
1772,Banana,85.00
1773,Banana,85.00
1774,Banana,85.00
1775,Banana,85.00
1776,Banana,85.00
1777,Banana,85.00
1778,Banana,85.00
1779,Banana,85.00
1780,Banana,85.00
1781,Banana,75.00
1782,Banana,75.00
1783,Banana,75.00
1784,Banana,75.00
1785,Banana,85.00
1786,Banana,85.00
1787,Banana,85.00
1788,Banana,85.00
1789,Banana,85.00
1790,Banana,85.00
1791,Banana,85.00
1792,Banana,85.00
1793,Banana,85.00
1794,Banana,85.00
1795,Banana,85.00
1796,Banana,85.00
1797,Banana,85.00
1798,Banana,85.00
1799,Banana,85.00
1800,Banana,85.00
1801,Banana,85.00
1802,Banana,85.00
1803,Banana,85.00
1804,Banana,85.00
1805,Banana,85.00
1806,Banana,85.00
1807,Banana,85.00
1808,Banana,85.00
1809,Banana,85.00
1810,Banana,85.00
1811,Banana,85.00
1812,Banana,85.00
1813,Banana,85.00
1814,Banana,85.00
1815,Banana,85.00
1816,Banana,85.00
1817,Banana,85.00
1818,Banana,85.00
1819,Banana,85.00
1820,Banana,85.00
1821,Banana,85.00
1822,Banana,85.00
1823,Banana,85.00
1824,Banana,85.00
1825,Banana,85.00
1826,Banana,85.00
1827,Banana,85.00
1828,Banana,85.00
1829,Banana,85.00
1830,Banana,85.00
1831,Banana,85.00
1832,Banana,85.00
1833,Banana,85.00
1834,Banana,85.00
1835,Banana,85.00
1836,Banana,95.00
1837,Banana,95.00
1838,Banana,95.00
1839,Banana,95.00
1840,Banana,95.00
1841,Banana,95.00
1842,Banana,95.00
1843,Banana,95.00
1844,Banana,95.00
1845,Banana,95.00
1846,Banana,95.00
1847,Banana,95.00
1848,Banana,95.00
1849,Banana,95.00
1850,Banana,95.00
1851,Banana,95.00
1852,Banana,95.00
1853,Banana,95.00
1854,Banana,95.00
1855,Banana,94.00
1856,Banana,95.00
1857,Banana,95.00
1858,Banana,95.00
1859,Banana,105.00
1860,Banana,105.00
1861,Banana,105.00
1862,Banana,105.00
1863,Banana,107.00
1864,Banana,105.00
1865,Banana,105.00
1866,Banana,95.00
1867,Banana,95.00
1868,Banana,95.00
1869,Banana,95.00
1870,Banana,95.00
1871,Banana,95.00
1872,Banana,95.00
1873,Banana,95.00
1874,Banana,95.00
1875,Banana,95.00
1876,Banana,95.00
1877,Banana,95.00
1878,Banana,95.00
1879,Banana,95.00
1880,Banana,95.00
1881,Banana,95.00
1882,Banana,95.00
1883,Banana,95.00
1884,Banana,95.00
1885,Banana,95.00
1886,Banana,95.00
1887,Banana,95.00
1888,Banana,95.00
1889,Banana,95.00
1890,Banana,95.00
1891,Banana,95.00
1892,Banana,95.00
1893,Banana,95.00
1894,Banana,95.00
1895,Banana,95.00
1896,Banana,95.00
1897,Banana,95.00
1898,Banana,95.00
1899,Banana,95.00
1900,Banana,95.00
1901,Banana,95.00
1902,Banana,95.00
1903,Banana,95.00
1904,Banana,95.00
1905,Banana,95.00
1906,Banana,115.00
1907,Banana,95.00
1908,Banana,95.00
1909,Banana,95.00
1910,Banana,95.00
1911,Banana,95.00
1912,Banana,95.00
1913,Banana,95.00
1914,Banana,95.00
1915,Banana,95.00
1916,Banana,95.00
1917,Banana,95.00
1918,Banana,95.00
1919,Banana,95.00
1920,Banana,95.00
1921,Banana,95.00
1922,Banana,95.00
1923,Banana,95.00
1924,Banana,95.00
1925,Banana,95.00
1926,Banana,95.00
1927,Banana,95.00
1928,Banana,95.00
1929,Banana,95.00
1930,Banana,95.00
1931,Banana,95.00
1932,Banana,95.00
1933,Banana,95.00
1934,Banana,95.00
1935,Banana,95.00
1936,Banana,95.00
1937,Banana,95.00
1938,Banana,95.00
1939,Banana,95.00
1940,Banana,95.00
1941,Banana,95.00
1942,Banana,95.00
1943,Banana,95.00
1944,Banana,95.00
1945,Banana,95.00
1946,Banana,95.00
1947,Banana,95.00
1948,Banana,95.00
1949,Banana,95.00
1950,Banana,95.00
1951,Banana,95.00
1952,Banana,95.00
1953,Banana,95.00
1954,Banana,95.00
1955,Banana,95.00
1956,Banana,95.00
1957,Banana,95.00
1958,Banana,95.00
1959,Banana,95.00
1960,Banana,95.00
1961,Banana,95.00
1962,Banana,95.00
1963,Banana,95.00
1964,Banana,95.00
1965,Banana,95.00
1966,Banana,95.00
1967,Banana,95.00
1968,Banana,95.00
1969,Banana,95.00
1970,Banana,95.00
1971,Banana,95.00
1972,Banana,95.00
1973,Banana,95.00
1974,Banana,95.00
1975,Banana,95.00
1976,Banana,95.00
1977,Banana,95.00
1978,Banana,95.00
1979,Banana,95.00
1980,Banana,95.00
1981,Banana,105.00
1982,Banana,105.00
1983,Banana,105.00
1984,Banana,95.00
1985,Banana,95.00
1986,Banana,95.00
1987,Banana,95.00
1988,Banana,95.00
1989,Banana,95.00
1990,Banana,95.00
1991,Banana,95.00
1992,Banana,95.00
1993,Banana,95.00
1994,Banana,95.00
1995,Banana,95.00
1996,Banana,95.00
1997,Banana,95.00
1998,Banana,95.00
1999,Banana,95.00
2000,Banana,95.00
2001,Banana,85.00
2002,Banana,85.00
2003,Banana,85.00
2004,Banana,85.00
2005,Banana,95.00
2006,Banana,85.00
2007,Banana,85.00
2008,Banana,85.00
2009,Banana,85.00
2010,Banana,85.00
2011,Banana,85.00
2012,Banana,85.00
2013,Banana,85.00
2014,Banana,85.00
2015,Banana,85.00
2016,Banana,85.00
2017,Banana,85.00
2018,Banana,85.00
2019,Banana,85.00
2020,Banana,95.00
2021,Banana,95.00
2022,Banana,85.00
2023,Banana,95.00
2024,Banana,85.00
2025,Banana,85.00
2026,Banana,85.00
2027,Banana,85.00
2028,Banana,85.00
2029,Banana,85.00
2030,Banana,85.00
2031,Banana,85.00
2032,Banana,85.00
2033,Banana,85.00
2034,Banana,85.00
2035,Banana,95.00
2036,Banana,85.00
2037,Banana,85.00
2038,Banana,95.00
2039,Banana,95.00
2040,Banana,95.00
2041,Banana,95.00
2042,Banana,95.00
2043,Banana,95.00
2044,Banana,95.00
2045,Banana,85.00
2046,Banana,85.00
2047,Banana,85.00
2048,Banana,85.00
2049,Banana,85.00
2050,Banana,85.00
2051,Banana,85.00
2052,Banana,85.00
2053,Banana,85.00
2054,Banana,85.00
2055,Banana,85.00
2056,Banana,85.00
2057,Banana,85.00
2058,Banana,85.00
2059,Banana,85.00
2060,Banana,85.00
2061,Banana,85.00
2062,Banana,85.00
2063,Banana,85.00
2064,Banana,85.00
2065,Banana,85.00
2066,Banana,85.00
2067,Banana,85.00
2068,Banana,85.00
2069,Banana,85.00
2070,Banana,85.00
2071,Banana,85.00
2072,Banana,85.00
2073,Banana,85.00
2074,Banana,85.00
2075,Banana,85.00
2076,Banana,85.00
2077,Banana,85.00
2078,Banana,85.00
2079,Banana,85.00
2080,Banana,85.00
2081,Banana,85.00
2082,Banana,85.00
2083,Banana,85.00
2084,Banana,85.00
2085,Banana,85.00
2086,Banana,85.00
2087,Banana,85.00
2088,Banana,85.00
2089,Banana,85.00
2090,Banana,85.00
2091,Banana,85.00
2092,Banana,85.00
2093,Banana,85.00
2094,Banana,85.00
2095,Banana,85.00
2096,Banana,85.00
2097,Banana,85.00
2098,Banana,85.00
2099,Banana,85.00
2100,Banana,85.00
2101,Banana,85.00
2102,Banana,85.00
2103,Banana,85.00
2104,Banana,85.00
2105,Banana,85.00
2106,Banana,85.00
2107,Banana,85.00
2108,Banana,85.00
2109,Banana,85.00
2110,Banana,85.00
2111,Banana,85.00
2112,Banana,85.00
2113,Banana,85.00
2114,Banana,85.00
2115,Banana,85.00
2116,Banana,85.00
2117,Banana,85.00
2118,Banana,85.00
2119,Banana,85.00
2120,Banana,85.00
2121,Banana,85.00
2122,Banana,85.00
2123,Banana,75.00
2124,Banana,75.00
2125,Banana,75.00
2126,Banana,75.00
2127,Banana,75.00
2128,Banana,75.00
2129,Banana,75.00
2130,Banana,75.00
2131,Banana,75.00
2132,Banana,75.00
2133,Banana,75.00
2134,Banana,75.00
2135,Banana,75.00
2136,Banana,75.00
2137,Banana,75.00
2138,Banana,75.00
2139,Banana,75.00
2140,Banana,75.00
2141,Banana,75.00
2142,Banana,75.00
2143,Banana,75.00
2144,Banana,75.00
2145,Banana,75.00
2146,Banana,75.00
2147,Banana,75.00
2148,Banana,75.00
2149,Banana,85.00
2150,Banana,85.00
2151,Banana,85.00
2152,Banana,85.00
2153,Banana,85.00
2154,Banana,85.00
2155,Banana,85.00
2156,Banana,85.00
2157,Banana,85.00
2158,Banana,85.00
2159,Banana,85.00
2160,Banana,85.00
2161,Banana,85.00
2162,Banana,85.00
2163,Banana,85.00
2164,Banana,85.00
2165,Banana,115.00
2166,Banana,85.00
2167,Banana,85.00
2168,Banana,85.00
2169,Banana,85.00
2170,Banana,85.00
2171,Banana,85.00
2172,Banana,85.00
2173,Banana,85.00
2174,Banana,85.00
2175,Banana,85.00
2176,Banana,85.00
2177,Banana,85.00
2178,Banana,85.00
2179,Banana,85.00
2180,Banana,85.00
2181,Banana,85.00
2182,Banana,85.00
2183,Banana,85.00
2184,Banana,85.00
2185,Banana,85.00
2186,Banana,85.00
2187,Banana,95.00
2188,Banana,95.00
2189,Banana,95.00
2190,Banana,85.00
2191,Banana,85.00
2192,Banana,85.00
2193,Banana,85.00
2194,Banana,85.00
2195,Banana,85.00
2196,Banana,85.00
2197,Banana,85.00
2198,Banana,85.00
2199,Banana,85.00
2200,Banana,95.00
2201,Banana,95.00
2202,Banana,95.00
2203,Banana,95.00
2204,Banana,95.00
2205,Banana,95.00
2206,Banana,95.00
2207,Banana,95.00
2208,Banana,95.00
2209,Banana,95.00
2210,Banana,85.00
2211,Banana,85.00
2212,Banana,85.00
2213,Banana,85.00
2214,Banana,85.00
2215,Banana,85.00
2216,Banana,85.00
2217,Banana,85.00
2218,Banana,85.00
2219,Banana,85.00
2220,Banana,85.00
2221,Banana,85.00
2222,Banana,85.00
2223,Banana,85.00
2224,Banana,85.00
2225,Banana,85.00
2226,Banana,85.00
2227,Banana,75.00
2228,Banana,75.00
2229,Banana,75.00
2230,Banana,75.00
2231,Banana,75.00
2232,Banana,75.00
2233,Banana,75.00
2234,Banana,75.00
2235,Banana,75.00
2236,Banana,75.00
2237,Banana,75.00
2238,Banana,75.00
2239,Banana,75.00
2240,Banana,75.00
2241,Banana,75.00
2242,Banana,75.00
2243,Banana,75.00
2244,Banana,75.00
2245,Banana,75.00
2246,Banana,75.00
2247,Banana,75.00
2248,Banana,75.00
2249,Banana,75.00
2250,Banana,75.00
2251,Banana,75.00
2252,Banana,75.00
2253,Banana,75.00
2254,Banana,75.00
2255,Banana,75.00
2256,Banana,75.00
2257,Banana,75.00
2258,Banana,75.00
2259,Banana,85.00
2260,Banana,85.00
2261,Banana,85.00
2262,Banana,85.00
2263,Banana,85.00
2264,Banana,85.00
2265,Banana,85.00
2266,Banana,85.00
2267,Banana,85.00
2268,Banana,85.00
2269,Banana,85.00
2270,Banana,85.00
2271,Banana,75.00
2272,Banana,75.00
2273,Banana,75.00
2274,Banana,75.00
2275,Banana,75.00
2276,Banana,75.00
2277,Banana,75.00
2278,Banana,75.00
2279,Banana,75.00
2280,Banana,75.00
2281,Banana,75.00
2282,Banana,75.00
2283,Banana,75.00
2284,Banana,75.00
2285,Banana,75.00
2286,Banana,75.00
2287,Banana,75.00
2288,Banana,75.00
2289,Banana,75.00
2290,Banana,75.00
2291,Banana,75.00
2292,Banana,75.00
2293,Banana,75.00
2294,Banana,75.00
2295,Banana,75.00
2296,Banana,75.00
2297,Banana,75.00
2298,Banana,75.00
2299,Banana,75.00
2300,Banana,75.00
2301,Banana,75.00
2302,Banana,75.00
2303,Banana,75.00
2304,Banana,75.00
2305,Banana,75.00
2306,Banana,75.00
2307,Banana,95.00
2308,Banana,95.00
2309,Banana,95.00
2310,Banana,85.00
2311,Banana,85.00
2312,Banana,85.00
2313,Banana,85.00
2314,Banana,95.00
2315,Banana,95.00
2316,Banana,85.00
2317,Banana,85.00
2318,Banana,85.00
2319,Banana,85.00
2320,Banana,85.00
2321,Banana,85.00
2322,Banana,85.00
2323,Banana,95.00
2324,Banana,95.00
2325,Banana,95.00
2326,Banana,95.00
2327,Banana,95.00
2328,Banana,95.00
2329,Banana,95.00
2330,Banana,95.00
2331,Banana,65.00
2332,Banana,65.00
2333,Banana,65.00
2334,Banana,85.00
2335,Banana,85.00
2336,Banana,85.00
2337,Banana,85.00
2338,Banana,85.00
2339,Banana,85.00
2340,Banana,85.00
2341,Banana,85.00
2342,Banana,85.00
2343,Banana,85.00
2344,Banana,85.00
2345,Banana,85.00
2346,Banana,85.00
2347,Banana,85.00
2348,Banana,85.00
2349,Banana,85.00
2350,Banana,75.00
2351,Banana,85.00
2352,Banana,85.00
2353,Banana,85.00
2354,Banana,85.00
2355,Banana,85.00
2356,Banana,85.00
2357,Banana,85.00
2358,Banana,85.00
2359,Banana,85.00
2360,Banana,85.00
2361,Banana,85.00
2362,Banana,85.00
2363,Banana,85.00
2364,Banana,85.00
2365,Banana,85.00
2366,Banana,85.00
2367,Banana,85.00
2368,Banana,75.00
2369,Banana,85.00
2370,Banana,75.00
2371,Banana,85.00
2372,Banana,85.00
2373,Banana,85.00
2374,Banana,85.00
2375,Banana,85.00
2376,Banana,85.00
2377,Banana,85.00
2378,Banana,85.00
2379,Banana,85.00
2380,Banana,85.00
2381,Banana,75.00
2382,Banana,75.00
2383,Banana,68.00
2384,Banana,68.00
2385,Banana,68.00
2386,Banana,75.00
2387,Banana,75.00
2388,Banana,85.00
2389,Banana,85.00
2390,Banana,85.00
2391,Banana,85.00
2392,Banana,75.00
2393,Banana,75.00
2394,Banana,75.00
2395,Banana,85.00
2396,Banana,75.00
2397,Banana,75.00
2398,Banana,75.00
2399,Banana,75.00
2400,Banana,75.00
2401,Banana,75.00
2402,Banana,85.00
2403,Banana,75.00
2404,Banana,75.00
2405,Banana,75.00
2406,Banana,95.00
2407,Banana,95.00
2408,Banana,95.00
2409,Banana,115.00
2410,Banana,115.00
2411,Banana,125.00
2412,Banana,125.00
2413,Banana,115.00
2414,Banana,125.00
2415,Banana,125.00
2416,Banana,105.00
2417,Banana,110.00
2418,Banana,105.00
2419,Banana,105.00
2420,Banana,110.00
2421,Banana,110.00
2422,Banana,105.00
2423,Banana,105.00
2424,Banana,110.00
2425,Banana,105.00
2426,Banana,105.00
2427,Banana,105.00
2428,Banana,107.00
2429,Banana,105.00
2430,Banana,105.00
2431,Banana,105.00
2432,Banana,105.00
2433,Banana,95.00
2434,Banana,95.00
2435,Banana,85.00
2436,Banana,95.00
2437,Banana,95.00
2438,Banana,95.00
2439,Banana,95.00
2440,Banana,95.00
2441,Banana,95.00
2442,Banana,95.00
2443,Banana,97.00
2444,Banana,95.00
2445,Banana,95.00
2446,Banana,96.67
2447,Banana,95.00
2448,Banana,95.00
2449,Banana,95.00
2450,Banana,95.00
2451,Banana,95.00
2452,Banana,95.00
2453,Banana,95.00
2454,Banana,95.00
2455,Banana,95.00
2456,Banana,95.00
2457,Banana,95.00
2458,Banana,95.00
2459,Banana,95.00
2460,Banana,95.00
2461,Banana,95.00
2462,Banana,95.00
2463,Banana,95.00
2464,Banana,95.00
2465,Banana,95.00
2466,Banana,95.00
2467,Banana,95.00
2468,Banana,105.00
2469,Banana,95.00
2470,Banana,95.00
2471,Banana,95.00
2472,Banana,95.00
2473,Banana,95.00
2474,Banana,95.00
2475,Banana,95.00
2476,Banana,95.00
2477,Banana,95.00
2478,Banana,95.00
2479,Banana,95.00
2480,Banana,95.00
2481,Banana,95.00
2482,Banana,95.00
2483,Banana,95.00
2484,Banana,95.00
2485,Banana,95.00
2486,Banana,95.00
2487,Banana,95.00
2488,Banana,115.00
2489,Banana,115.00
2490,Banana,95.00
2491,Banana,95.00
2492,Banana,95.00
2493,Banana,95.00
2494,Banana,95.00
2495,Banana,95.00
2496,Banana,95.00
2497,Banana,95.00
2498,Banana,95.00
2499,Banana,95.00
2500,Banana,95.00
2501,Banana,105.00
2502,Banana,105.00
2503,Banana,105.00
2504,Banana,95.00
2505,Banana,95.00
2506,Banana,105.00
2507,Banana,105.00
2508,Banana,105.00
2509,Banana,105.00
2510,Banana,105.00
2511,Banana,105.00
2512,Banana,105.00
2513,Banana,105.00
2514,Banana,105.00
2515,Banana,105.00
2516,Banana,95.00
2517,Banana,95.00
2518,Banana,95.00
2519,Banana,95.00
2520,Banana,95.00
2521,Banana,95.00
2522,Banana,85.00
2523,Banana,85.00
2524,Banana,85.00
2525,Banana,105.00
2526,Banana,105.00
2527,Banana,105.00
2528,Banana,105.00
2529,Banana,105.00
2530,Banana,105.00
2531,Banana,105.00
2532,Banana,105.00
2533,Banana,105.00
2534,Banana,105.00
2535,Banana,105.00
2536,Banana,105.00
2537,Banana,95.00
2538,Banana,95.00
2539,Banana,95.00
2540,Banana,95.00
2541,Banana,95.00
2542,Banana,95.00
2543,Banana,95.00
2544,Banana,105.00
2545,Banana,105.00
2546,Banana,105.00
2547,Banana,115.00
2548,Banana,110.00
2549,Banana,115.00
2550,Banana,115.00
2551,Banana,115.00
2552,Banana,115.00
2553,Banana,115.00
2554,Banana,115.00
2555,Banana,115.00
2556,Banana,115.00
2557,Banana,115.00
2558,Banana,115.00
2559,Banana,115.00
2560,Banana,115.00
2561,Banana,115.00
2562,Banana,115.00
2563,Banana,115.00
2564,Banana,115.00
2565,Banana,115.00
2566,Banana,115.00
2567,Banana,115.00
2568,Banana,115.00
2569,Banana,115.00
2570,Banana,115.00
2571,Banana,115.00
2572,Banana,115.00
2573,Banana,115.00
2574,Banana,115.00
2575,Banana,115.00
2576,Banana,115.00
2577,Banana,105.00
2578,Banana,105.00
2579,Banana,105.00
2580,Banana,95.00
2581,Banana,95.00
2582,Banana,105.00
2583,Banana,105.00
2584,Banana,95.00
2585,Banana,95.00
2586,Banana,105.00
2587,Banana,105.00
2588,Banana,105.00
2589,Banana,105.00
2590,Banana,105.00
2591,Banana,105.00
2592,Banana,105.00
2593,Banana,105.00
2594,Banana,105.00
2595,Banana,105.00
2596,Banana,105.00
2597,Banana,105.00
2598,Banana,105.00
2599,Banana,95.00
2600,Banana,95.00
2601,Banana,95.00
2602,Banana,95.00
2603,Banana,105.00
2604,Banana,105.00
2605,Banana,105.00
2606,Banana,105.00
2607,Banana,105.00
2608,Banana,105.00
2609,Banana,105.00
2610,Banana,105.00
2611,Banana,105.00
2612,Banana,105.00
2613,Banana,105.00
2614,Banana,105.00
2615,Banana,105.00
2616,Banana,105.00
2617,Banana,105.00
2618,Banana,105.00
2619,Banana,105.00
2620,Banana,105.00
2621,Banana,105.00
2622,Banana,105.00
2623,Banana,105.00
2624,Banana,105.00
2625,Banana,105.00
2626,Banana,105.00
2627,Banana,105.00
2628,Banana,105.00
2629,Banana,105.00
2630,Banana,105.00
2631,Banana,105.00
2632,Banana,105.00
2633,Banana,105.00
2634,Banana,105.00
2635,Banana,105.00
2636,Banana,105.00
2637,Banana,105.00
2638,Banana,105.00
2639,Banana,105.00
2640,Banana,115.00
2641,Banana,115.00
2642,Banana,125.00
2643,Banana,125.00
2644,Banana,125.00
2645,Banana,115.00
2646,Banana,115.00
2647,Banana,115.00
2648,Banana,115.00
2649,Banana,115.00
2650,Banana,105.00
2651,Banana,105.00
2652,Banana,105.00
2653,Banana,105.00
2654,Banana,105.00
2655,Banana,105.00
2656,Banana,105.00
2657,Banana,105.00
2658,Banana,115.00
2659,Banana,115.00
2660,Banana,115.00
2661,Banana,115.00
2662,Banana,115.00
2663,Banana,105.00
2664,Banana,105.00
2665,Banana,105.00
2666,Banana,105.00
2667,Banana,105.00
2668,Banana,105.00
2669,Banana,105.00
2670,Banana,115.00
2671,Banana,115.00
2672,Banana,105.00
2673,Banana,115.00
2674,Banana,105.00
2675,Banana,115.00
2676,Banana,105.00
2677,Banana,105.00
2678,Banana,105.00
2679,Banana,105.00
2680,Banana,105.00
2681,Banana,105.00
2682,Banana,105.00
2683,Banana,105.00
2684,Banana,105.00
2685,Banana,105.00
2686,Banana,105.00
2687,Banana,105.00
2688,Banana,105.00
2689,Banana,105.00
2690,Banana,105.00
2691,Banana,105.00
2692,Banana,105.00
2693,Banana,105.00
2694,Banana,105.00
2695,Banana,105.00
2696,Banana,115.00
2697,Banana,126.67
2698,Banana,115.00
2699,Banana,115.00
2700,Banana,115.00
2701,Banana,115.00
2702,Banana,115.00
2703,Banana,125.00
2704,Banana,115.00
2705,Banana,125.00
2706,Banana,126.67
2707,Banana,110.00
2708,Banana,115.00
2709,Banana,115.00
2710,Banana,86.67
2711,Banana,76.67
2712,Banana,95.00
2713,Banana,96.67
2714,Banana,95.00
2715,Banana,105.00
2716,Banana,85.00
2717,Banana,86.67
2718,Banana,95.00
2719,Banana,115.00
2720,Banana,96.67
2721,Banana,105.00
2722,Banana,95.00
2723,Banana,95.00
2724,Banana,96.67
2725,Banana,95.00
2726,Banana,95.00
2727,Banana,95.00
2728,Banana,95.00
2729,Banana,96.67
2730,Banana,95.00
2731,Banana,96.67
2732,Banana,95.00
2733,Banana,95.00
2734,Banana,96.67
2735,Banana,95.00
2736,Banana,96.67
2737,Banana,95.00
2738,Banana,95.00
2739,Banana,95.00
2740,Banana,95.00
2741,Banana,95.00
2742,Banana,95.00
2743,Banana,85.00
2744,Banana,85.00
2745,Banana,95.00
2746,Banana,86.67
2747,Banana,95.00
2748,Banana,95.00
2749,Banana,96.67
2750,Banana,95.00
2751,Banana,95.00
2752,Banana,96.67
2753,Banana,96.67
2754,Banana,116.67
2755,Banana,116.67
2756,Banana,116.67
2757,Banana,115.00
2758,Banana,115.00
2759,Banana,115.00
2760,Banana,106.67
2761,Banana,105.00
2762,Banana,106.67
2763,Banana,116.67
2764,Banana,116.67
2765,Banana,105.00
2766,Banana,110.00
2767,Banana,110.00
2768,Banana,96.67
2769,Banana,96.67
2770,Banana,96.67
2771,Banana,96.67
2772,Banana,95.00
2773,Banana,95.00
2774,Banana,95.00
2775,Banana,96.67
2776,Banana,96.67
2777,Banana,96.67
2778,Banana,96.67
2779,Banana,95.00
2780,Banana,95.00
2781,Banana,96.67
2782,Banana,96.67
2783,Banana,95.00
2784,Banana,96.67
2785,Banana,95.00
2786,Banana,95.00
2787,Banana,96.67
2788,Banana,95.00
2789,Banana,96.67
2790,Banana,96.67
2791,Banana,96.67
2792,Banana,95.00
2793,Banana,95.00
2794,Banana,96.67
2795,Banana,95.00
2796,Banana,95.00
2797,Banana,96.67
2798,Banana,95.00
2799,Banana,95.00
2800,Banana,95.00
2801,Banana,96.67
2802,Banana,95.00
2803,Banana,96.67
2804,Banana,96.67
2805,Banana,96.67
2806,Banana,95.00
2807,Banana,96.67
2808,Banana,96.67
2809,Banana,96.67
2810,Banana,95.00
2811,Banana,96.67
2812,Banana,95.00
2813,Banana,95.00
2814,Banana,96.67
2815,Banana,96.67
2816,Banana,86.67
2817,Banana,95.00
2818,Banana,96.67
2819,Banana,95.00
2820,Banana,95.00
2821,Banana,96.67
2822,Banana,96.67
2823,Banana,96.67
2824,Banana,96.67
2825,Banana,96.67
2826,Banana,96.67
2827,Banana,95.00
2828,Banana,96.67
2829,Banana,96.67
2830,Banana,96.67
2831,Banana,96.67
2832,Banana,96.67
2833,Banana,96.67
2834,Banana,96.67
2835,Banana,95.00
2836,Banana,96.67
2837,Banana,96.67
2838,Banana,96.67
2839,Banana,96.67
2840,Banana,95.00
2841,Banana,96.67
2842,Banana,96.67
2843,Banana,95.00
2844,Banana,95.00
2845,Banana,95.00
2846,Banana,95.00
2847,Banana,96.67
2848,Banana,95.00
2849,Banana,96.67
2850,Banana,95.00
2851,Banana,96.67
2852,Banana,95.00
2853,Banana,95.00
2854,Banana,96.67
2855,Banana,95.00
2856,Banana,96.67
2857,Banana,95.00
2858,Banana,96.67
2859,Banana,96.67
2860,Banana,96.67
2861,Banana,96.67
2862,Banana,95.00
2863,Banana,110.00
2864,Banana,110.00
2865,Banana,110.00
2866,Banana,110.00
2867,Banana,110.00
2868,Banana,130.00
2869,Banana,130.00
2870,Banana,115.00
2871,Banana,115.00
2872,Banana,105.00
2873,Banana,115.00
2874,Banana,115.00
2875,Banana,115.00
2876,Banana,113.33
2877,Banana,110.00
2878,Banana,115.00
2879,Banana,110.00
2880,Banana,110.00
2881,Banana,115.00
2882,Banana,115.00
2883,Banana,125.00
2884,Banana,126.67
2885,Banana,125.00
2886,Banana,125.00
2887,Banana,125.00
2888,Banana,110.00
2889,Banana,125.00
2890,Banana,125.00
2891,Banana,130.00
2892,Banana,130.00
2893,Banana,130.00
2894,Banana,126.67
2895,Banana,125.00
2896,Banana,125.00
2897,Banana,125.00
2898,Banana,125.00
2899,Banana,125.00
2900,Banana,115.00
2901,Banana,115.00
2902,Banana,115.00
2903,Banana,115.00
2904,Banana,126.67
2905,Banana,125.00
2906,Banana,125.00
2907,Banana,110.00
2908,Banana,110.00
2909,Banana,110.00
2910,Banana,110.00
2911,Banana,125.00
2912,Banana,133.33
2913,Banana,130.00
2914,Banana,205.00
2915,Banana,105.00
2916,Banana,110.00
2917,Banana,110.00
2918,Banana,110.00
2919,Banana,150.00
2920,Banana,145.00
2921,Banana,155.00
2922,Banana,146.67
2923,Banana,145.00
2924,Banana,145.00
2925,Banana,150.00
2926,Banana,155.00
2927,Banana,156.67
2928,Banana,155.00
2929,Banana,135.00
2930,Banana,135.00
2931,Banana,130.00
2932,Banana,135.00
2933,Banana,135.00
2934,Banana,135.00
2935,Banana,130.00
2936,Banana,135.00
2937,Banana,135.00
2938,Banana,135.00
2939,Banana,150.00
2940,Banana,145.00
2941,Banana,145.00
2942,Banana,145.00
2943,Banana,145.00
2944,Banana,145.00
2945,Banana,145.00
2946,Banana,145.00
2947,Banana,145.00
2948,Banana,145.00
2949,Banana,155.00
2950,Banana,145.00
2951,Banana,160.00
2952,Banana,150.00
2953,Banana,160.00
2954,Banana,160.00
2955,Banana,160.00
2956,Banana,156.67
2957,Banana,155.00
2958,Banana,155.00
2959,Banana,155.00
2960,Banana,145.00
2961,Banana,145.00
2962,Banana,145.00
2963,Banana,145.00
2964,Banana,145.00
2965,Banana,145.00
2966,Banana,145.00
2967,Banana,145.00
2968,Banana,145.00
2969,Banana,145.00
2970,Banana,145.00
2971,Banana,130.00
2972,Banana,135.00
2973,Banana,135.00
2974,Banana,140.00
2975,Banana,135.00
2976,Banana,135.00
2977,Banana,145.00
2978,Banana,145.00
2979,Banana,145.00
2980,Banana,145.00
2981,Banana,135.00
2982,Banana,150.00
2983,Banana,146.67
2984,Banana,146.67
2985,Banana,145.00
2986,Banana,130.00
2987,Banana,135.00
2988,Banana,135.00
2989,Banana,135.00
2990,Banana,135.00
2991,Banana,135.00
2992,Banana,150.00
2993,Banana,150.00
2994,Banana,135.00
2995,Banana,135.00
2996,Banana,135.00
2997,Banana,135.00
2998,Banana,140.00
2999,Banana,135.00
3000,Banana,135.00
3001,Banana,146.67
3002,Banana,146.67
3003,Banana,146.67
3004,Banana,145.00
3005,Banana,146.67
3006,Banana,145.00
3007,Banana,146.67
3008,Banana,146.67
3009,Banana,146.67
3010,Banana,155.00
3011,Banana,156.67
3012,Banana,156.67
3013,Banana,155.00
3014,Banana,170.00
3015,Banana,180.00
3016,Banana,163.33
3017,Banana,170.00
3018,Banana,170.00
3019,Banana,156.67
3020,Banana,155.00
3021,Banana,165.00
3022,Banana,165.00
3023,Banana,165.00
3024,Banana,170.00
3025,Banana,155.00
3026,Banana,165.00
3027,Banana,165.00
3028,Banana,165.00
3029,Banana,165.00
3030,Banana,165.00
3031,Banana,165.00
3032,Banana,156.67
3033,Banana,155.00
3034,Banana,155.00
3035,Banana,165.00
3036,Banana,156.67
3037,Banana,155.00
3038,Banana,156.67
3039,Banana,156.67
3040,Banana,145.00
3041,Banana,145.00
3042,Banana,155.00
3043,Banana,156.67
3044,Banana,155.00
3045,Banana,146.67
3046,Banana,146.67
3047,Banana,145.00
3048,Banana,145.00
3049,Banana,145.00
3050,Banana,145.00
3051,Banana,130.00
3052,Banana,133.33
3053,Banana,130.00
3054,Banana,130.00
3055,Banana,130.00
3056,Banana,130.00
3057,Banana,125.00
3058,Banana,130.00
3059,Banana,125.00
3060,Banana,130.00
3061,Banana,126.67
3062,Banana,125.00
3063,Banana,126.67
3064,Banana,125.00
3065,Banana,125.00
3066,Banana,125.00
3067,Banana,125.00
3068,Banana,125.00
3069,Banana,125.00
3070,Banana,126.67
3071,Banana,125.00
3072,Banana,125.00
3073,Banana,125.00
3074,Banana,125.00
3075,Banana,125.00
3076,Banana,125.00
3077,Banana,125.00
3078,Banana,125.00
3079,Banana,125.00
3080,Banana,125.00
3081,Banana,126.67
3082,Banana,126.67
3083,Banana,125.00
3084,Banana,126.67
3085,Banana,125.00
3086,Banana,126.67
3087,Banana,125.00
3088,Banana,126.67
3089,Banana,125.00
3090,Banana,125.00
3091,Banana,125.00
3092,Banana,125.00
3093,Banana,125.00
3094,Banana,125.00
3095,Banana,126.67
3096,Banana,125.00
3097,Banana,125.00
3098,Banana,125.00
3099,Banana,125.00
3100,Banana,125.00
3101,Banana,110.00
3102,Banana,110.00
3103,Banana,110.00
3104,Banana,110.00
3105,Banana,110.00
3106,Banana,110.00
3107,Banana,110.00
3108,Banana,110.00
3109,Banana,110.00
3110,Banana,110.00
3111,Banana,110.00
3112,Banana,110.00
3113,Banana,110.00
3114,Banana,106.67
3115,Banana,115.00
3116,Banana,110.00
3117,Banana,126.67
3118,Banana,126.67
3119,Banana,125.00
3120,Banana,133.33
3121,Banana,126.67
3122,Banana,126.67
3123,Banana,126.67
3124,Banana,126.67
3125,Banana,125.00
3126,Banana,125.00
3127,Banana,126.67
3128,Banana,125.00
3129,Banana,126.67
3130,Banana,126.67
3131,Banana,126.67
3132,Banana,125.00
3133,Banana,125.00
3134,Banana,126.67
3135,Banana,125.00
3136,Banana,126.67
3137,Banana,125.00
3138,Banana,126.67
3139,Banana,126.67
3140,Banana,126.67
3141,Banana,126.67
3142,Banana,130.00
3143,Banana,130.00
3144,Banana,136.67
3145,Banana,135.00
3146,Banana,135.00
3147,Banana,136.67
3148,Banana,126.67
3149,Banana,130.00
3150,Banana,130.00
3151,Banana,136.67
3152,Banana,135.00
3153,Banana,130.00
3154,Banana,130.00
3155,Banana,130.00
3156,Banana,130.00
3157,Banana,140.00
3158,Banana,136.67
3159,Banana,136.67
3160,Banana,130.00
3161,Banana,126.67
3162,Banana,126.67
3163,Banana,145.00
3164,Banana,125.00
3165,Banana,126.67
3166,Banana,125.00
3167,Banana,125.00
3168,Banana,126.67
3169,Banana,126.67
3170,Banana,126.67
3171,Banana,126.67
3172,Banana,125.00
3173,Banana,125.00
3174,Banana,126.67
3175,Banana,136.67
3176,Banana,136.67
3177,Banana,135.00
3178,Banana,135.00
3179,Banana,135.00
3180,Banana,125.00
3181,Banana,126.67
3182,Banana,126.67
3183,Banana,126.67
3184,Banana,126.67
3185,Banana,126.67
3186,Banana,126.67
3187,Banana,125.00
3188,Banana,126.67
3189,Banana,126.67
3190,Banana,126.67
3191,Banana,126.67
3192,Banana,126.67
3193,Banana,126.67
3194,Banana,126.67
3195,Banana,130.00
3196,Banana,126.67
3197,Banana,126.67
3198,Banana,130.00
3199,Banana,126.67
3200,Banana,126.67
3201,Banana,126.67
3202,Banana,126.67
3203,Banana,140.00
3204,Banana,130.00
3205,Banana,130.00
3206,Banana,123.33
3207,Banana,126.67
3208,Banana,125.00
3209,Banana,126.67
3210,Banana,130.00
3211,Banana,140.00
3212,Banana,140.00
3213,Banana,140.00
3214,Banana,140.00
3215,Banana,140.00
3216,Banana,150.00
3217,Banana,146.67
3218,Banana,146.67
3219,Banana,146.67
3220,Banana,146.67
3221,Banana,156.67
3222,Banana,155.00
3223,Banana,146.67
3224,Banana,150.00
3225,Banana,156.67
3226,Banana,156.67
3227,Banana,150.00
3228,Banana,156.67
3229,Banana,155.00
3230,Banana,156.67
3231,Banana,150.00
3232,Banana,136.67
3233,Banana,160.00
3234,Banana,156.67
3235,Banana,156.67
3236,Banana,155.00
3237,Banana,156.67
3238,Banana,156.67
3239,Banana,155.00
3240,Banana,155.00
3241,Banana,146.67
3242,Banana,145.00
3243,Banana,156.67
3244,Banana,146.67
3245,Banana,136.67
3246,Banana,145.00
3247,Banana,146.67
3248,Banana,145.00
3249,Banana,145.00
3250,Banana,140.00
3251,Banana,145.00
3252,Banana,145.00
3253,Banana,146.67
3254,Banana,146.67
3255,Banana,146.67
3256,Banana,145.00
3257,Banana,155.00
3258,Banana,146.67
3259,Banana,146.67
3260,Banana,146.67
3261,Banana,146.67
3262,Banana,146.67
3263,Banana,145.00
3264,Banana,145.00
3265,Banana,145.00
3266,Banana,145.00
3267,Banana,150.00
3268,Banana,145.00
3269,Banana,145.00
3270,Banana,145.00
3271,Banana,145.00
3272,Banana,150.00
3273,Banana,155.00
3274,Banana,145.00
3275,Banana,155.00
3276,Banana,150.00
3277,Banana,160.00
3278,Banana,175.00
3279,Banana,165.00
3280,Banana,175.00
3281,Banana,165.00
3282,Banana,170.00
3283,Banana,175.00
3284,Banana,165.00
3285,Banana,165.00
3286,Banana,175.00
3287,Banana,175.00
3288,Banana,165.00
3289,Banana,165.00
3290,Banana,165.00
3291,Banana,175.00
3292,Banana,175.00
3293,Banana,170.00
3294,Banana,175.00
3295,Banana,175.00
3296,Banana,175.00
3297,Banana,160.00
3298,Banana,140.00
3299,Banana,136.67
3300,Banana,136.67
3301,Banana,140.00
3302,Banana,140.00
3303,Banana,140.00
3304,Banana,140.00
3305,Banana,140.00
3306,Banana,140.00
3307,Banana,140.00
3308,Banana,146.67
3309,Banana,146.67
3310,Banana,140.00
3311,Banana,140.00
3312,Banana,146.67
3313,Banana,146.67
3314,Banana,146.67
3315,Banana,146.67
3316,Banana,146.67
3317,Banana,150.00
3318,Banana,150.00
3319,Banana,146.67
3320,Banana,156.67
3321,Banana,156.67
3322,Banana,156.67
3323,Banana,146.67
3324,Banana,146.67
3325,Banana,145.00
3326,Banana,146.67
3327,Banana,145.00
3328,Banana,140.00
3329,Banana,146.67
3330,Banana,145.00
3331,Banana,136.67
3332,Banana,135.00
3333,Banana,130.00
3334,Banana,136.67
3335,Banana,126.67
3336,Banana,145.00
3337,Banana,136.67
3338,Banana,130.00
3339,Banana,130.00
3340,Banana,136.67
3341,Banana,136.67
3342,Banana,126.67
3343,Banana,136.67
3344,Banana,135.00
3345,Banana,126.67
3346,Banana,125.00
3347,Banana,126.67
3348,Banana,126.67
3349,Banana,126.67
3350,Banana,125.00
3351,Banana,126.67
3352,Banana,126.67
3353,Banana,125.00
3354,Banana,130.00
3355,Banana,126.67
3356,Banana,136.67
3357,Banana,130.00
3358,Banana,145.00
3359,Banana,146.67
3360,Banana,145.00
3361,Banana,156.67
3362,Banana,156.67
3363,Banana,156.67
3364,Banana,160.00
3365,Banana,156.67
3366,Banana,156.67
3367,Banana,155.00
3368,Banana,156.67
3369,Banana,145.00
3370,Banana,156.67
3371,Banana,146.67
3372,Banana,146.67
3373,Banana,156.67
3374,Banana,155.00
3375,Banana,145.00
3376,Banana,160.00
3377,Banana,156.67
3378,Banana,156.67
3379,Banana,156.67
3380,Banana,156.67
3381,Banana,155.00
3382,Banana,145.00
3383,Banana,156.67
3384,Banana,146.67
3385,Banana,146.67
3386,Banana,146.67
3387,Banana,146.67
3388,Banana,145.00
3389,Banana,146.67
3390,Banana,145.00
3391,Banana,146.67
3392,Banana,146.67
3393,Banana,145.00
3394,Banana,146.67
3395,Banana,145.00
3396,Banana,146.67
3397,Banana,146.67
3398,Banana,146.67
3399,Banana,146.67
3400,Banana,146.67
3401,Banana,146.67
3402,Banana,145.00
3403,Banana,145.00
3404,Banana,146.67
3405,Banana,140.00
3406,Banana,130.00
3407,Banana,135.00
3408,Banana,136.67
3409,Banana,135.00
3410,Banana,146.67
3411,Banana,136.67
3412,Banana,146.67
3413,Banana,136.67
3414,Banana,135.00
3415,Banana,145.00
3416,Banana,145.00
3417,Banana,146.67
3418,Banana,156.67
3419,Banana,155.00
3420,Banana,166.67
3421,Banana,156.67
3422,Banana,156.67
3423,Banana,146.67
3424,Banana,146.67
3425,Banana,145.00
3426,Banana,146.67
3427,Banana,145.00
3428,Banana,145.00
3429,Banana,146.67
3430,Banana,145.00
3431,Banana,146.67
3432,Banana,146.67
3433,Banana,146.67
3434,Banana,145.00
3435,Banana,156.67
3436,Banana,156.67
3437,Banana,155.00
3438,Banana,156.67
3439,Banana,155.00
3440,Banana,155.00
3441,Banana,156.67
3442,Banana,155.00
3443,Banana,156.67
3444,Banana,155.00
3445,Banana,156.67
3446,Banana,155.00
3447,Banana,156.67
3448,Banana,156.67
3449,Banana,156.67
3450,Banana,156.67
3451,Banana,155.00
3452,Banana,156.67
3453,Banana,156.67
3454,Banana,156.67
3455,Banana,146.67
3456,Banana,146.67
3457,Banana,155.00
3458,Banana,155.00
3459,Banana,145.00
3460,Banana,146.67
3461,Banana,145.00
3462,Banana,146.67
3463,Banana,145.00
3464,Banana,146.67
3465,Banana,145.00
3466,Banana,146.67
3467,Banana,145.00
3468,Banana,145.00
3469,Banana,145.00
3470,Banana,146.67
3471,Banana,155.00
3472,Banana,156.67
3473,Banana,155.00
3474,Banana,155.00
3475,Banana,155.00
3476,Banana,155.00
3477,Banana,156.67
3478,Banana,155.00
3479,Banana,140.00
3480,Banana,170.00
3481,Banana,170.00
3482,Banana,170.00
3483,Banana,175.00
3484,Banana,170.00
3485,Banana,175.00
3486,Banana,170.00
3487,Banana,170.00
3488,Banana,170.00
3489,Banana,175.00
3490,Banana,165.00
3491,Banana,166.67
3492,Banana,166.67
3493,Banana,170.00
3494,Banana,163.33
3495,Banana,166.67
3496,Banana,165.00
3497,Banana,165.00
3498,Banana,166.67
3499,Banana,166.67
3500,Banana,156.67
3501,Banana,166.67
3502,Banana,156.67
3503,Banana,156.67
3504,Banana,156.67
3505,Banana,156.67
3506,Banana,156.67
3507,Banana,155.00
3508,Banana,145.00
3509,Banana,155.00
3510,Banana,146.67
3511,Banana,146.67
3512,Banana,145.00
3513,Banana,146.67
3514,Banana,145.00
3515,Banana,146.67
3516,Banana,146.67
3517,Banana,146.67
3518,Banana,146.67
3519,Banana,136.67
3520,Banana,146.67
3521,Banana,145.00
3522,Banana,146.67
3523,Banana,145.00
3524,Banana,146.67
3525,Banana,145.00
3526,Banana,146.67
3527,Banana,146.67
3528,Banana,145.00
3529,Banana,135.00
3530,Banana,136.67
3531,Banana,136.67
3532,Banana,135.00
3533,Banana,136.67
3534,Banana,135.00
3535,Banana,135.00
3536,Banana,135.00
3537,Banana,135.00
3538,Banana,136.67
3539,Banana,135.00
3540,Banana,136.67
3541,Banana,125.00
3542,Banana,125.00
3543,Banana,135.00
3544,Banana,126.67
3545,Banana,136.67
3546,Banana,135.00
3547,Banana,135.00
3548,Banana,135.00
3549,Banana,135.00
3550,Banana,136.67
3551,Banana,135.00
3552,Banana,135.00
3553,Banana,135.00
3554,Banana,135.00
3555,Banana,135.00
3556,Banana,135.00
3557,Banana,136.67
3558,Banana,135.00
3559,Banana,136.67
3560,Banana,136.67
3561,Banana,140.00
3562,Banana,130.00
3563,Banana,130.00
3564,Banana,140.00
3565,Banana,130.00
3566,Banana,130.00
3567,Banana,130.00
3568,Banana,130.00
3569,Banana,130.00
3570,Banana,130.00
3571,Banana,130.00
3572,Banana,130.00
3573,Banana,130.00
3574,Banana,130.00
3575,Banana,130.00
3576,Banana,130.00
3577,Banana,130.00
3578,Banana,130.00
3579,Banana,130.00
3580,Banana,133.33
3581,Banana,133.33
3582,Banana,133.33
3583,Banana,133.33
3584,Banana,133.33
3585,Banana,133.33
3586,Banana,133.33
3587,Banana,133.33
3588,Banana,133.33
3589,Banana,130.00
3590,Banana,130.00
3591,Banana,130.00
3592,Banana,130.00
3593,Banana,130.00
3594,Banana,140.00
3595,Banana,145.00
3596,Banana,136.67
3597,Banana,135.00
3598,Banana,136.67
3599,Banana,125.00
3600,Banana,125.00
3601,Banana,130.00
3602,Banana,130.00
3603,Banana,130.00
3604,Banana,130.00
